fraction,model,accuracy,sensitivity,specificity,auc
0.1,Hybrid,0.8333333333333334,1.0,0.0,0.425
0.1,SVM,0.8333333333333334,1.0,0.0,0.225
0.1,RF,0.8333333333333334,1.0,0.0,0.5625
0.1,XGBoost,0.8333333333333334,1.0,0.0,0.5
0.25,Hybrid,0.4583333333333333,0.55,0.0,0.3625
0.25,SVM,0.8333333333333334,1.0,0.0,0.875
0.25,RF,0.8333333333333334,1.0,0.0,0.6625
0.25,XGBoost,0.5416666666666666,0.65,0.0,0.43125
0.5,Hybrid,0.7083333333333334,0.8,0.25,0.7375
0.5,SVM,0.8333333333333334,1.0,0.0,0.05
0.5,RF,0.875,1.0,0.25,0.8875
0.5,XGBoost,0.7916666666666666,0.9,0.25,0.6625
1.0,Hybrid,0.8333333333333334,0.9,0.5,0.7749999999999999
1.0,SVM,0.9166666666666666,1.0,0.5,0.9
1.0,RF,0.875,1.0,0.25,0.925
1.0,XGBoost,0.75,0.8,0.5,0.6375
